{
  "timestamp": "2026-05-10T09:29:01",
  "overall": {
    "A": {
      "n": 960,
      "mean": 4.019791666666666,
      "std": 1.3300975519640286,
      "ci_low": 3.935651387429397,
      "ci_high": 4.103931945903936
    },
    "B": {
      "n": 960,
      "mean": 4.292708333333334,
      "std": 1.1911863323365908,
      "ci_low": 4.217355401152965,
      "ci_high": 4.3680612655137026
    },
    "C": {
      "n": 960,
      "mean": 4.414583333333334,
      "std": 1.0428743433761796,
      "ci_low": 4.348612428919979,
      "ci_high": 4.480554237746689
    },
    "D": {
      "n": 960,
      "mean": 3.2239583333333335,
      "std": 1.221483464629048,
      "ci_low": 3.146688843102458,
      "ci_high": 3.3012278235642087
    }
  },
  "per_turn": {
    "A": {
      "5": {
        "n": 120,
        "mean": 4.008333333333334,
        "std": 1.337851239254705,
        "ci_low": 3.768961374573493,
        "ci_high": 4.247705292093174
      },
      "10": {
        "n": 120,
        "mean": 4.125,
        "std": 1.2337174812449614,
        "ci_low": 3.9042599346050015,
        "ci_high": 4.345740065394999
      },
      "15": {
        "n": 120,
        "mean": 3.975,
        "std": 1.380917366502878,
        "ci_low": 3.7279225333831434,
        "ci_high": 4.222077466616857
      },
      "20": {
        "n": 120,
        "mean": 3.975,
        "std": 1.2732707832173633,
        "ci_low": 3.747182950938396,
        "ci_high": 4.202817049061604
      },
      "25": {
        "n": 120,
        "mean": 4.066666666666666,
        "std": 1.3580344999598621,
        "ci_low": 3.8236834643638997,
        "ci_high": 4.309649868969433
      },
      "30": {
        "n": 120,
        "mean": 3.941666666666667,
        "std": 1.3737994504191609,
        "ci_low": 3.6958627568289604,
        "ci_high": 4.187470576504373
      },
      "35": {
        "n": 120,
        "mean": 4.075,
        "std": 1.3482793267187414,
        "ci_low": 3.8337622196531678,
        "ci_high": 4.316237780346833
      },
      "40": {
        "n": 120,
        "mean": 3.9916666666666667,
        "std": 1.3565640812149558,
        "ci_low": 3.7489465556589843,
        "ci_high": 4.23438677767435
      }
    },
    "B": {
      "5": {
        "n": 120,
        "mean": 4.4,
        "std": 1.1551856047893798,
        "ci_low": 4.193311070142859,
        "ci_high": 4.606688929857142
      },
      "10": {
        "n": 120,
        "mean": 4.391666666666667,
        "std": 1.0713678787665146,
        "ci_low": 4.199974630834952,
        "ci_high": 4.583358702498381
      },
      "15": {
        "n": 120,
        "mean": 4.175,
        "std": 1.2942179105544784,
        "ci_low": 3.943435034313622,
        "ci_high": 4.4065649656863775
      },
      "20": {
        "n": 120,
        "mean": 4.441666666666666,
        "std": 0.9855752347828992,
        "ci_low": 4.265324882518379,
        "ci_high": 4.618008450814954
      },
      "25": {
        "n": 120,
        "mean": 4.2,
        "std": 1.3067375502410896,
        "ci_low": 3.9661949865513457,
        "ci_high": 4.433805013448655
      },
      "30": {
        "n": 120,
        "mean": 4.225,
        "std": 1.2465919928503695,
        "ci_low": 4.001956392200108,
        "ci_high": 4.4480436077998915
      },
      "35": {
        "n": 120,
        "mean": 4.283333333333333,
        "std": 1.2174041354996512,
        "ci_low": 4.065512095839677,
        "ci_high": 4.50115457082699
      },
      "40": {
        "n": 120,
        "mean": 4.225,
        "std": 1.2193296133049312,
        "ci_low": 4.006834250814554,
        "ci_high": 4.443165749185446
      }
    },
    "C": {
      "5": {
        "n": 120,
        "mean": 4.366666666666666,
        "std": 1.1662864526504002,
        "ci_low": 4.157991543114426,
        "ci_high": 4.575341790218906
      },
      "10": {
        "n": 120,
        "mean": 4.433333333333334,
        "std": 1.0268114416457765,
        "ci_low": 4.249613455628029,
        "ci_high": 4.617053211038638
      },
      "15": {
        "n": 120,
        "mean": 4.45,
        "std": 1.011280908368319,
        "ci_low": 4.269058887274037,
        "ci_high": 4.630941112725964
      },
      "20": {
        "n": 120,
        "mean": 4.55,
        "std": 0.7975803744962088,
        "ci_low": 4.40729476423857,
        "ci_high": 4.69270523576143
      },
      "25": {
        "n": 120,
        "mean": 4.466666666666667,
        "std": 0.9781936132985326,
        "ci_low": 4.2916456221803765,
        "ci_high": 4.641687711152957
      },
      "30": {
        "n": 120,
        "mean": 4.291666666666667,
        "std": 1.1624071903556328,
        "ci_low": 4.083685631206433,
        "ci_high": 4.499647702126901
      },
      "35": {
        "n": 120,
        "mean": 4.416666666666667,
        "std": 1.0814193391625868,
        "ci_low": 4.223176196380652,
        "ci_high": 4.610157136952682
      },
      "40": {
        "n": 120,
        "mean": 4.341666666666667,
        "std": 1.0807391909612383,
        "ci_low": 4.148297890334678,
        "ci_high": 4.535035442998655
      }
    },
    "D": {
      "5": {
        "n": 120,
        "mean": 3.058333333333333,
        "std": 1.176062604328409,
        "ci_low": 2.847909034306545,
        "ci_high": 3.268757632360121
      },
      "10": {
        "n": 120,
        "mean": 3.066666666666667,
        "std": 1.228056696288783,
        "ci_low": 2.846939444212139,
        "ci_high": 3.286393889121195
      },
      "15": {
        "n": 120,
        "mean": 3.433333333333333,
        "std": 1.2142939528473196,
        "ci_low": 3.216068578123913,
        "ci_high": 3.650598088542753
      },
      "20": {
        "n": 120,
        "mean": 3.2666666666666666,
        "std": 1.2416669016599706,
        "ci_low": 3.04450426949074,
        "ci_high": 3.4888290638425934
      },
      "25": {
        "n": 120,
        "mean": 3.2916666666666665,
        "std": 1.246142507283731,
        "ci_low": 3.0687034820389205,
        "ci_high": 3.5146298512944125
      },
      "30": {
        "n": 120,
        "mean": 3.45,
        "std": 1.1656858622338029,
        "ci_low": 3.2414323357079646,
        "ci_high": 3.6585676642920357
      },
      "35": {
        "n": 120,
        "mean": 3.1333333333333333,
        "std": 1.222570190683733,
        "ci_low": 2.914587771286848,
        "ci_high": 3.3520788953798184
      },
      "40": {
        "n": 120,
        "mean": 3.091666666666667,
        "std": 1.2366655718886486,
        "ci_low": 2.87039912092761,
        "ci_high": 3.3129342124057235
      }
    }
  },
  "per_dim": {
    "A": {
      "T": {
        "n": 240,
        "mean": 4.775,
        "std": 0.5923147981299152
      },
      "E": {
        "n": 240,
        "mean": 2.3666666666666667,
        "std": 0.9718492344232688
      },
      "C": {
        "n": 240,
        "mean": 4.070833333333334,
        "std": 1.2337577957062031
      },
      "S": {
        "n": 240,
        "mean": 4.866666666666666,
        "std": 0.4914896378930143
      }
    },
    "B": {
      "T": {
        "n": 240,
        "mean": 4.904166666666667,
        "std": 0.2949777194148492
      },
      "E": {
        "n": 240,
        "mean": 2.8583333333333334,
        "std": 1.2858797573446261
      },
      "C": {
        "n": 240,
        "mean": 4.45,
        "std": 0.9882150766189028
      },
      "S": {
        "n": 240,
        "mean": 4.958333333333333,
        "std": 0.25534727631252135
      }
    },
    "C": {
      "T": {
        "n": 240,
        "mean": 4.895833333333333,
        "std": 0.3061150365804358
      },
      "E": {
        "n": 240,
        "mean": 3.35,
        "std": 1.268544449722004
      },
      "C": {
        "n": 240,
        "mean": 4.470833333333333,
        "std": 0.9502165208736079
      },
      "S": {
        "n": 240,
        "mean": 4.941666666666666,
        "std": 0.32460683224011094
      }
    },
    "D": {
      "T": {
        "n": 240,